{"cameraMode":{"drawMode":0,"name":"Shaded","section":"Shading Mode"},"sceneLighting":false,"audioPlay":false,"sceneViewState":{"showFog":true,"showMaterialUpdate":false,"showSkybox":false,"showFlares":true,"showImageEffects":true,"showParticleSystems":true},"in2DMode":false,"pivot":{"x":10.345305442810059,"y":3.069359540939331,"z":12.835585594177246},"rotation":{"x":0.0006221256917342544,"y":-0.9940624237060547,"z":0.005665806122124195,"w":0.10867597907781601},"size":0.8660253882408142,"orthographic":false}