{"cameraMode":{"drawMode":0,"name":"Shaded","section":"Shading Mode"},"sceneLighting":false,"audioPlay":false,"sceneViewState":{"showFog":true,"showMaterialUpdate":false,"showSkybox":false,"showFlares":true,"showImageEffects":true,"showParticleSystems":true},"in2DMode":false,"pivot":{"x":0.3089165687561035,"y":0.12372645735740662,"z":0.6792250871658325},"rotation":{"x":0.0006221256917342544,"y":-0.9940624237060547,"z":0.005665806122124195,"w":0.10867597907781601},"size":0.0592348575592041,"orthographic":false}